Name,Term,ES,NES,NOM p-val,FDR q-val,FWER p-val,Tag %,Gene %,Lead_genes
prerank,HALLMARK_EPITHELIAL_MESENCHYMAL_TRANSITION,0.7566114548201051,2.758466900706876,0.0,0.0,0.0,119/192,12.05%,NID2;COL5A3;NTM;FOXC2;EFEMP2;SERPINE1;COL6A3;THY1;SCG2;COL1A2;SFRP4;MSX1;SLIT2;PDGFRB;COL5A2;PDLIM4;BGN;IGFBP4;NT5E;FAP;VIM;COL3A1;MATN3;ANPEP;COL6A2;DPYSL3;FBN1;LOXL1;RGS4;CXCL12;SNAI2;EMP3;MMP2;POSTN;ADAM12;HTRA1;SPARC;PCOLCE;ITGA5;COL1A1;VEGFC;TGFB1;PCOLCE2;VCAN;EDIL3;ECM1;PRRX1;CDH6;COL7A1;CDH11;PTX3;DAB2;COL5A1;ABI3BP;MMP14;TIMP3;TPM2;COL4A1;GLIPR1;MFAP5;LOXL2;LAMA1;MMP3;FN1;LAMC1;GPC1;GEM;LAMA2;SERPINE2;ITGA2;ECM2;MYL9;LRP1;MMP1;FZD8;SGCG;CTHRC1;GAS1;LGALS1;BDNF;TGFBI;TFPI2;SGCD;TNFRSF11B;MYLK;FSTL1;BMP1;GJA1;LAMA3;FAS;ACTA2;TNC;LAMC2;FGF2;FBN2;DCN;SLIT3;LOX;TIMP1;THBS2;PLOD2;DKK1;TAGLN;PLOD3;CALD1;SERPINH1;CALU;SGCB;PRSS2;WIPF1;COL4A2;IL6;ITGAV;THBS1;COLGALT1;BASP1;TGFBR3;IGFBP3;CAP2
prerank,HALLMARK_UV_RESPONSE_DN,0.5811349503983648,2.0345420608925355,0.0,0.0,0.0,43/138,12.16%,SERPINE1;COL1A2;HAS2;PDGFRB;COL5A2;COL3A1;LPAR1;PTGFR;DLC1;RGS4;SNAI2;MMP16;FZD2;COL1A1;SYNE1;CAV1;NRP1;DAB2;MAP1B;PRKCA;TGFBR2;LAMC1;MAGI2;PTPRM;MET;BDNF;SCN8A;TFPI;MGLL;EFEMP1;GJA1;AKT3;ADORA2B;SMAD3;LTBP1;IRS1;SCHIP1;MT1E;CACNA1A;APBB2;TGFBR3;CAP2;CDC42BPA
prerank,HALLMARK_ANGIOGENESIS,0.6949993880004771,1.90458406172117,0.0,0.0,0.0,17/32,13.83%,MSX1;COL5A2;COL3A1;POSTN;VCAN;NRP1;KCNJ8;CCND2;FGFR1;PDGFA;S100A4;FSTL1;TIMP1;ITGAV;JAG1;JAG2;LUM
prerank,HALLMARK_HEDGEHOG_SIGNALING,0.6411192282015358,1.7389787473132554,0.0031496062992125984,0.0033627798980490537,0.014,11/29,11.76%,NRCAM;THY1;SCG2;GLI1;L1CAM;NRP1;NRP2;UNC5C;CDK5R1;CDK6;DPYSL2
prerank,HALLMARK_APICAL_JUNCTION,0.4822286900490521,1.718097318451652,0.0,0.00307454162107342,0.015,72/171,23.31%,ADAM23;JAM3;FLNC;CD209;THY1;SLIT2;NEGR1;LAYN;FBN1;MMP2;VCAN;CDH6;CDH11;CLDN11;LAMB3;AMIGO2;ADAM9;NEXN;ITGA10;ITGA2;MYL9;TRO;CLDN18;NRXN2;TGFBI;ITGA3;ACTG2;TNFRSF11B;CALB2;BMP1;LAMA3;AKT3;LAMC2;TRAF1;CDSN;FSCN1;SGCE;RAC2;IRS1;ZYX;SPEG;GNAI2;CERCAM;COL9A1;EPB41L2;COL16A1;ITGA9;ICAM4;GAMT;AMH;PARD6G;MSN;TSPAN4;SIRPA;ITGB1;RASA1;RRAS;BAIAP2;ADAMTS5;ARHGEF6;VAV2;SHC1;LIMA1;STX4;NLGN2;SHROOM2;CDH8;NF2;ICAM1;THBS3;VASP;SORBS3
prerank,HALLMARK_ESTROGEN_RESPONSE_LATE,-0.41606642358289037,-1.7061695030746533,0.0,0.02234458542813822,0.02,57/184,13.97%,TFF3;S100A9;TFF1;OLFM1;AGR2;SULT2B1;CHST8;HMGCS2;SCUBE2;DHRS2;PTGER3;IDH2;RET;CPE;MAPT;SERPINA1;ID2;CKB;DNAJC12;SCNN1A;PCP4;BATF;ANXA9;PDLIM3;HOMER2;TRIM29;TIAM1;TOB1;PRLR;ST6GALNAC2;PGR;ZFP36;DNAJC1;NRIP1;MYB;TJP3;FOS;SLC1A4;TSPAN13;ISG20;XBP1;KRT19;CLIC3;CDH1;FDFT1;SFN;TST;CYP4F11;MAPK13;PERP;FABP5;ITPK1;SLC22A5;SLC2A8;PDCD4;OVOL2;MEST
prerank,HALLMARK_KRAS_SIGNALING_UP,0.4702083117143681,1.676227505276269,0.0,0.005124236035122368,0.03,58/173,14.20%,TSPAN7;HKDC1;GNG11;ADGRA2;ENG;PRRX1;NRP1;SPON1;ABCB1;F13A1;PDCD1LG2;PLAT;ETV1;MMP11;EPHB2;FGF9;BMP2;CCND2;ITGA2;LY96;DCBLD2;ITGBL1;TMEM158;GFPT2;ETV5;GYPC;TFPI;CFH;AKAP12;TNFRSF1B;SERPINA3;TMEM100;PRKG2;PLAU;IL1RL2;SPRY2;TRAF1;NAP1L2;PTPRR;LIF;ETS1;CMKLR1;ITGB2;SATB1;HBEGF;ADGRL4;DUSP6;RBP4;ETV4;F2RL1;BIRC3;IGFBP3;KCNN4;EMP1;SCN1B;PLAUR;G0S2;ADAM8
prerank,HALLMARK_INFLAMMATORY_RESPONSE,0.4682697537664773,1.647199590995595,0.0,0.007686354052683551,0.053,63/169,18.02%,ADGRE1;SERPINE1;HAS2;STAB1;PDPN;CD70;LPAR1;EMP3;ITGA5;AXL;CALCRL;TLR3;TNFSF9;PTGIR;CSF3;IL10;MMP14;TNFAIP6;PCDH7;PTGER2;IL18;IL18R1;SPHK1;TLR1;ABCA1;CSF1;DCBLD2;MET;IL1R1;TNFRSF1B;C5AR1;IRAK2;TNFRSF9;PTPRE;NDP;HRH1;TIMP1;GNA15;LIF;ADORA2B;CMKLR1;IL15RA;IL6;HBEGF;CCRL2;SCN1B;PLAUR;IL15;ITGB8;ICAM4;NLRP3;LYN;ATP2B1;BST2;MSR1;LY6E;C3AR1;CCL2;AHR;OSMR;RTP4;CXCR6;RIPK2
prerank,HALLMARK_ESTROGEN_RESPONSE_EARLY,-0.3925357440661891,-1.613015390240645,0.0,0.02569627324235895,0.046,48/188,11.49%,TFF3;TFF1;AR;KCNK15;MLPH;INHBB;OLFM1;SULT2B1;REEP1;AQP3;DHRS2;MSMB;RET;FCMR;P2RY2;MAPT;SLC7A2;TTC39A;PEX11A;SCNN1A;ANXA9;MREG;PDLIM3;ZNF185;TIAM1;TOB1;ABLIM1;CLDN7;SLC37A1;TBC1D30;PGR;KAZN;NRIP1;MYB;TJP3;FOS;KDM4B;SLC1A4;XBP1;KRT19;CLIC3;WWC1;FDFT1;SFN;SLC19A2;TIPARP;FASN;RHOBTB3
prerank,HALLMARK_CHOLESTEROL_HOMEOSTASIS,-0.430442245997564,-1.5367248461740324,0.013333333333333334,0.035378926927885516,0.094,38/70,22.78%,TM7SF2;SCD;FADS2;SREBF2;HMGCS1;FDPS;NSDHL;EBP;HSD17B7;ATF3;HMGCR;CYP51A1;SC5D;LDLR;ALDOC;TP53INP1;FDFT1;LGALS3;FASN;ACSS2;FABP5;ACAT2;SQLE;FBXO6;GNAI1;PNRC1;IDI1;STX5;PMVK;MVD;CLU;ATF5;ETHE1;CHKA;LSS;NFIL3;PDK3;TMEM97
prerank,HALLMARK_COAGULATION,0.4349062012822548,1.4648217237956809,0.006906077348066298,0.055966265446102115,0.372,35/102,11.93%,SERPINE1;F2RL2;FBN1;CTSK;MMP2;HTRA1;SPARC;DPP4;MMP14;PLAT;TIMP3;MMP11;PROS1;MMP3;PRSS23;ADAM9;FN1;ITGA2;LRP1;MMP1;C1S;TFPI2;CFH;BMP1;PLAU;MMP7;CTSE;C1R;TIMP1;RGN;CAPN5;THBS1;DUSP6;KLK8;CTSB
prerank,HALLMARK_MYOGENESIS,0.40860794634795233,1.425890423290166,0.010540184453227932,0.0745149323440711,0.487,40/149,12.88%,COL6A3;FHL1;HSPB8;COL3A1;COL6A2;ADAM12;SPARC;CDH13;COL1A1;TGFB1;NCAM1;TPM2;FKBP1B;IGFBP7;COX7A1;SPHK1;LAMA2;MAPK12;TNNI2;SGCG;MEF2C;SGCD;HSPB2;MYLK;FGF2;TAGLN;SSPN;MRAS;LSP1;RB1;SCHIP1;COL4A2;GJA5;SPEG;HBEGF;PYGM;ITGA7;IGFBP3;NQO1;SVIL
prerank,HALLMARK_APOPTOSIS,0.39779795052821004,1.4088549434467554,0.006640106241699867,0.0805145587018602,0.56,33/152,13.83%,HGF;FEZ1;PDGFRB;BGN;IGFBP6;MMP2;CAV1;LEF1;PLAT;TIMP3;TIMP2;IL18;BMP2;CCND2;FAS;F2R;DCN;TIMP1;GNA15;DPYD;SATB1;IL6;BIRC3;TGFBR3;EGR3;HMOX1;EMP1;CCNA1;SLC20A1;PMAIP1;ANXA1;CCND1;LUM
prerank,HALLMARK_NOTCH_SIGNALING,0.5146874763414491,1.4030227053642088,0.06818181818181818,0.07738761012133666,0.575,13/29,27.43%,PRKCA;HEYL;LFNG;MAML2;FZD7;JAG1;CCND1;SAP30;NOTCH1;ST3GAL6;KAT2A;NOTCH3;FZD5
prerank,HALLMARK_IL6_JAK_STAT3_SIGNALING,0.4300958116801583,1.3663523331568923,0.045584045584045586,0.10272491926659372,0.709,31/78,22.79%,INHBE;TGFB1;ITGA4;IL18R1;CSF1;IL1R1;CXCL3;TNFRSF1B;FAS;ACVRL1;IL3RA;LEPR;IL15RA;IL6ST;IL6;IL7;HMOX1;PDGFC;IL12RB1;CCR1;PIM1;OSMR;TNFRSF1A;TNFRSF12A;A2M;IL1B;TNFRSF21;IL2RA;IL17RB;EBI3;IRF9
prerank,HALLMARK_KRAS_SIGNALING_DN,-0.350414256883266,-1.3472395948375675,0.03088803088803089,0.13462612720453276,0.384,33/108,16.10%,TFAP2B;SPRR3;GPRC5C;SIDT1;KRT4;EDN1;EFHD1;CALCB;LGALS7;EDN2;CLDN8;PRODH;TNNI3;MAGIX;NR4A2;MTHFR;SLC6A14;SPTBN2;THNSL2;LYPD3;SNCB;PTPRJ;THRB;CAMK1D;MAST3;EGF;TCF7L1;MFSD6;SLC25A23;AKR1B10;BTG2;GTF3C5;PDK2
prerank,HALLMARK_ALLOGRAFT_REJECTION,0.3774114743252644,1.3310784127849828,0.036616161616161616,0.13103755514815324,0.818,44/158,18.02%,THY1;STAB1;BCAT1;SRGN;TGFB1;TLR3;IL10;IL11;IL18;CCND2;TLR1;CSF1;IL27RA;FAS;F2R;TLR6;TIMP1;LIF;CD4;ETS1;HCLS1;ITGB2;IL6;TAP2;IL7;HLA-DOB;HLA-DRA;HLA-DMB;LY75;IL15;DEGS1;HLA-A;HLA-DMA;HLA-DOA;SOCS5;NLRP3;IL12RB1;LYN;CCR1;TAP1;HLA-E;HLA-DQA1;CCL2;RIPK2
prerank,HALLMARK_BILE_ACID_METABOLISM,-0.3621643311082339,-1.326824837107297,0.0410958904109589,0.12445934083472987,0.439,28/86,16.45%,DIO1;AR;SULT2B1;DIO2;IDH2;ACSL1;PEX11A;GNMT;CYP46A1;FADS2;AMACR;HSD17B6;ATXN1;ALDH1A1;EPHX2;LCK;PEX7;DHCR24;PEX11G;LIPE;ISOC1;IDI1;ABCD3;SLC27A5;BBOX1;ABCA5;LONP2;PAOX
prerank,HALLMARK_MYC_TARGETS_V2,0.4219984243364561,1.2953312809933701,0.11292719167904904,0.16532524029388102,0.905,35/57,44.86%,NIP7;TCOF1;PPAN;SLC19A1;PUS1;WDR43;PLK4;RRP9;MPHOSPH10;SORD;MYBBP1A;UNG;PRMT3;IPO4;MCM4;RCL1;PPRC1;NOP2;NPM1;TFB2M;CBX3;PES1;UTP20;HSPD1;RRP12;SUPV3L1;FARSA;PA2G4;BYSL;NOLC1;RABEPK;CDK4;MRTO4;SRM;PLK1
prerank,HALLMARK_REACTIVE_OXYGEN_SPECIES_PATHWAY,0.4277462159269651,1.2715837595911863,0.14390602055800295,0.19074968640743012,0.956,10/45,15.06%,GCLC;HHEX;LSP1;MSRA;SRXN1;NQO1;PFKP;GCLM;PRNP;ABCC1
prerank,HALLMARK_TGF_BETA_SIGNALING,0.40464872393501594,1.2537129884479716,0.13450292397660818,0.20675091408898022,0.971,15/53,21.33%,SERPINE1;TGFB1;ENG;LTBP2;BMP2;NOG;SMAD3;THBS1;SLC20A1;SPTBN1;SMURF2;ACVR1;HIPK2;KLF10;WWTR1
prerank,HALLMARK_TNFA_SIGNALING_VIA_NFKB,0.344050948072031,1.253339587167774,0.06601466992665037,0.19532382063289966,0.971,50/194,17.39%,MSC;SERPINE1;ACKR3;TNFSF9;PTX3;LAMB3;TNFAIP6;IL18;GEM;SPHK1;BMP2;ABCA1;CSF1;GFPT2;DRAM1;CXCL3;PLAU;FOSL1;TNC;TNFRSF9;PTPRE;FUT4;TRAF1;LIF;SMAD3;IL15RA;PHLDA1;IL6ST;IL6;HBEGF;CCRL2;F2RL1;BIRC3;EGR3;SLC2A3;JAG1;PANX1;CCND1;PLAUR;G0S2;NFAT5;DENND5A;FJX1;PHLDA2;ATP2B1;CLCF1;ZBTB10;TAP1;TNIP2;CCL2
prerank,HALLMARK_COMPLEMENT,0.35018664390334525,1.2509860174339313,0.07114624505928854,0.1877818997037551,0.971,47/169,17.87%,SERPINE1;DGKG;ZEB1;CDH13;ZFPM2;SH2B3;DPP4;DOCK10;MMP14;PLAT;GNG2;ERAP2;ADAM9;TIMP2;PLA2G7;CTSC;FN1;LRP1;MMP12;C1S;TFPI2;CFH;APOBEC3F;C1R;TIMP1;CDK5R1;COL4A2;L3MBTL4;IL6;DOCK4;DUSP6;PSMB9;ITGAM;CTSB;GNAI2;CTSO;LIPA;PLAUR;C3;CPQ;LYN;CTSL;DGKH;FYN;PIM1;C1QA;PRCP
prerank,HALLMARK_FATTY_ACID_METABOLISM,-0.3160342514256196,-1.2441749180776085,0.04526748971193416,0.19514271273907377,0.634,25/134,14.57%,REEP6;HPGD;TP53INP2;HMGCS2;MAOA;TDO2;ACSL1;GLUL;EPHX1;GSTZ1;HMGCS1;NSDHL;HSD17B7;LTC4S;ALDH1A1;RDH16;CD36;CBR3;DHCR24;FASN;ACAT2;SLC22A5;ACOT2;ALDOA;IDI1
prerank,HALLMARK_PEROXISOME,-0.3319109504823236,-1.2280242056703254,0.09608540925266904,0.18705610086984278,0.667,23/91,20.38%,DIO1;CACNA1B;SULT2B1;IDH2;FABP6;ACSL1;PEX11A;FDPS;ATXN1;ALDH1A1;EPHX2;DHCR24;DHRS3;ISOC1;IDI1;ABCD3;LONP2;ACAA1;PRDX5;IDH1;ACOX1;SIAH1;STS
prerank,HALLMARK_IL2_STAT5_SIGNALING,0.3337474094342049,1.1976708951505168,0.12656641604010024,0.2741297718394574,0.994,45/176,17.48%,NT5E;COL6A1;F2RL2;ECM1;NRP1;DRC1;ABCB1;IL10;PTGER2;IL18R1;BMP2;CCND2;ADAM19;GPR83;CSF1;TNFRSF1B;TNFRSF9;TRAF1;LIF;COCH;IL3RA;BATF3;SPRY4;PHLDA1;TWSG1;SCN9A;ITGAV;ETV4;GSTO1;EMP1;SLC2A3;MAP6;TLR7;ITGA6;PLPP1;PRNP;IGF2R;DENND5A;PLEC;GLIPR2;TGM2;SPP1;FLT3LG;PIM1;AHR
prerank,HALLMARK_ANDROGEN_RESPONSE,-0.3079632677983356,-1.1368757113727943,0.19850187265917604,0.3168741521027851,0.872,19/95,10.65%,SPDEF;HPGD;IQGAP2;AZGP1;HOMER2;NDRG1;SCD;MAP7;GPD1L;HMGCS1;SAT1;HMGCR;MAK;DBI;TSC22D1;ALDH1A3;AKT1;KRT19;DHCR24
prerank,HALLMARK_APICAL_SURFACE,0.3956055809145302,1.119249756406693,0.288135593220339,0.4457604953428167,1.0,11/37,17.67%,THY1;SRPX;NTNG1;DCBLD2;GAS1;SLC2A4;ATP6V0A4;PLAUR;AFAP1L2;LYN;SULF2
prerank,HALLMARK_PANCREAS_BETA_CELLS,-0.4233737533167413,-1.117189883328607,0.292817679558011,0.32449303505085164,0.905,4/17,11.59%,PCSK1;SCGN;STXBP1;SYT13
prerank,HALLMARK_WNT_BETA_CATENIN_SIGNALING,0.39102898284346077,1.1120572928373185,0.3001464128843338,0.4442072112946702,1.0,24/38,39.15%,WNT5B;LEF1;CCND2;FZD8;DKK1;JAG1;JAG2;NOTCH1;RBPJ;TCF7;KAT2A;ADAM17;NCOR2;PTCH1;FZD1;HEY2;NOTCH4;AXIN2;DVL2;CUL1;CTNNB1;AXIN1;TP53;WNT6
prerank,HALLMARK_INTERFERON_ALPHA_RESPONSE,0.33577471143417686,1.1117429137222177,0.2760898282694848,0.42532614840389266,1.0,42/94,30.65%,PROCR;CSF1;GMPR;C1S;IFITM2;IFI44L;BATF2;CCRL2;PSMB9;IL7;SAMD9L;IFI27;IFI35;IL15;IFI44;UBA7;BST2;LY6E;TAP1;RTP4;DDX60;RIPK2;PNPT1;B2M;CASP1;EPSTI1;CD47;CMPK2;IRF9;SAMD9;ELF1;HLA-C;PSMB8;TDRD7;PLSCR1;PARP14;EIF2AK2;CNP;MOV10;LAP3;CD74;MX1
prerank,HALLMARK_E2F_TARGETS,0.30006545835109205,1.0784715933197544,0.3128205128205128,0.4918431120450878,1.0,111/195,45.34%,BRCA2;LYAR;EED;GINS4;GINS3;HMGA1;UBE2S;DDX39A;PSIP1;DIAPH3;DSCC1;PSMC3IP;NAP1L1;CDCA3;HNRNPD;AURKB;ESPL1;NCAPD2;TK1;CENPE;CIT;TOP2A;XPO1;PRKDC;GSPT1;PLK4;MAD2L1;DCK;CKS2;POLD1;MELK;TACC3;RPA1;RAD50;DEPDC1;HMGB2;NBN;CDC25A;RFC3;BIRC5;HMMR;POLA2;UNG;TRIP13;MCM2;SMC4;KIF18B;PAN2;ORC6;CHEK1;MCM4;PAICS;CTPS1;PRIM2;MKI67;IPO7;BRMS1L;NUP205;CTCF;PDS5B;RAD21;CDK1;SPC24;TIMELESS;ILF3;ATAD2;CDKN1A;SMC6;RNASEH2A;RANBP1;SRSF1;CDKN3;CDC20;POLD3;HELLS;ING3;BRCA1;CCNB2;PNN;RAN;PA2G4;TP53;EXOSC8;STAG1;CSE1L;KIF2C;NUDT21;ASF1B;SPAG5;DCLRE1B;BUB1B;MCM3;DUT;NOLC1;CDKN2C;CDK4;ZW10;TCF19;SMC3;KPNA2;PPP1R8;SYNCRIP;CBX5;CHEK2;NASP;RFC1;PLK1;PTTG1;ORC2;SLBP;RAD51AP1
prerank,HALLMARK_INTERFERON_GAMMA_RESPONSE,0.293877373685591,1.0579590093688234,0.33584905660377357,0.5263150871387013,1.0,73/186,30.74%,TNFAIP6;C1S;CFH;FAS;IFITM2;UPP1;XAF1;C1R;SSPN;IFI44L;CMKLR1;IL15RA;HLA-B;BATF2;IL6;PSMB9;IL7;SAMD9L;PFKP;GPR18;HLA-DRB1;MT2A;IFI27;IFI35;IL15;IFI44;HLA-A;HLA-DMA;BST2;LY6E;TAP1;PIM1;HLA-DQA1;CCL2;RTP4;DDX60;RIPK2;LATS2;PNPT1;ST8SIA4;NFKB1;B2M;CASP1;LYSMD2;OAS3;OAS2;EPSTI1;NUP93;CASP7;CMPK2;MVP;TAPBP;IRF9;CASP4;ICAM1;NLRC5;PSMB8;IFNAR2;CIITA;PML;TDRD7;SOCS3;PLSCR1;PARP14;EIF2AK2;APOL6;SOCS1;IRF8;LAP3;TNFAIP3;CD74;MX1;FCGR1A
prerank,HALLMARK_P53_PATHWAY,0.2852334642080552,1.0311000995021942,0.40226986128625475,0.5802812992073448,1.0,46/189,19.92%,TP63;SLC7A11;PROCR;ZNF365;CDH13;TGFB1;RRAD;TNFSF9;SPHK1;BMP2;CCND2;PDGFA;DRAM1;S100A4;FAS;F2R;PTPRE;UPP1;LIF;TCHH;CDK5R1;RB1;HBEGF;KLK8;HMOX1;ZMAT3;EPHA2;HSPA4L;JAG2;TCN2;OSGIN1;TAX1BP3;LDHB;PTPN14;TM7SF3;NOTCH1;TAP1;RHBDF2;WWP1;BAIAP2;CCNG1;BAX;PHLDA3;XPC;NOL8;CASP1
prerank,HALLMARK_XENOBIOTIC_METABOLISM,0.29268089325018387,1.0266082463517392,0.41740226986128626,0.5707856956622602,1.0,37/155,20.53%,GCLC;SERPINE1;IGFBP4;BCAT1;PTGDS;TPST1;CDO1;PROS1;AOX1;MAN1A1;IL1R1;FAS;AKR1C3;UPP1;APOE;XDH;SLC6A6;RBP4;GSTO1;BCAR1;NQO1;HMOX1;EPHA2;MT2A;PTGES;PTGR1;UGDH;VNN1;ENPEP;TNFRSF1A;PTS;HSD11B1;SLC12A4;PAPSS2;AP4B1;LEAP2;HACL1
prerank,HALLMARK_HYPOXIA,0.28514775046543006,1.0233314593985494,0.4172099087353325,0.5585417278283381,1.0,42/179,18.79%,SERPINE1;ACKR3;BGN;SRPX;CAV1;COL5A1;PRKCA;BCAN;GPC1;DPYSL4;TGFBI;S100A4;AKAP12;HOXB9;DCN;LOX;ADORA2B;CA12;ETS1;SLC6A6;CHST3;MT1E;IL6;PYGM;IGFBP3;HS3ST1;PFKP;HMOX1;SLC2A3;PKP1;PAM;MT2A;PLAUR;KDELR3;SAP30;TGM2;PLAC8;NR3C1;PIM1;RBPJ;EXT1;CHST2
prerank,HALLMARK_HEME_METABOLISM,0.2763446197998081,0.9778908942872885,0.49242424242424243,0.6578695531162904,1.0,52/167,29.16%,GCLC;SLC7A11;ADD2;ALDH1L1;ANK1;SPTA1;ABCG2;SNCA;AGPAT4;GYPC;CTSE;HBQ1;CLIC2;TNS1;CPOX;NNT;MINPP1;CTSB;SLC30A1;PICALM;GCLM;SLC22A4;C3;TSPAN5;ICAM4;SLC25A38;NR3C1;FTCD;SDCBP;ACKR1;DMTN;KAT2B;ENDOD1;OPTN;FOXJ2;CA2;ASNS;LRP10;CLCN3;CTNS;SLC25A37;MBOAT2;MAP2K3;XPO7;CCND3;NCOA4;TCEA1;NEK7;PC;RCL1;HTATIP2;LPIN2
prerank,HALLMARK_PI3K_AKT_MTOR_SIGNALING,-0.2564700826913416,-0.9533581282111757,0.5367647058823529,0.8083153778629,0.999,27/98,25.13%,GNGT1;ADCY2;GNA14;VAV3;TIAM1;MKNK2;LCK;AKT1;SFN;GSK3B;TSC2;PTEN;SLA;PDK1;THEM4;MAPK10;SMAD2;PLCG1;PIK3R3;RIPK1;MAP2K6;IL2RG;PRKCB;E2F1;AKT1S1;NOD1;CFL1
prerank,HALLMARK_G2M_CHECKPOINT,0.2605713813282861,0.9393625060185482,0.6151930261519303,0.7389170449870743,1.0,92/190,41.47%,TGFB1;SMAD3;BRCA2;E2F4;CCND1;MT2A;HMGA1;UBE2S;DDX39A;SAP30;MEIS2;NDC80;TRAIP;RASAL2;HNRNPD;AURKB;KIF15;ESPL1;KIF11;SLC7A1;CENPE;TOP2A;XPO1;KPNB1;CCNA2;GSPT1;PLK4;MAD2L1;WRN;CKS2;TACC3;KIF20B;CUL5;EXO1;POLQ;SMC2;CDC25A;PML;BIRC5;HMMR;POLA2;CENPF;MCM2;SMC4;EFNA5;ORC6;CHEK1;KIF23;CDC45;CHMP1A;PRIM2;ODC1;PBK;FBXO5;MKI67;NCL;ORC5;UCK2;DMD;CTCF;HNRNPU;PDS5B;RAD21;CDK1;HIRA;ILF3;TNPO2;KATNA1;CDC27;G3BP1;GINS2;SRSF1;CDKN3;CDC20;DTYMK;MAPK14;CUL1;HSPA8;CDC6;CCNB2;SFPQ;UPF1;KMT5A;STAG1;NUP50;KIF2C;DBF4;MCM3;NOLC1;RBM14;CDKN2C;CCNT1
prerank,HALLMARK_SPERMATOGENESIS,-0.2521930559213923,-0.9177281010390366,0.6508474576271186,0.8606728041729239,1.0,9/81,6.60%,PCSK4;ELOVL3;NAA11;OAZ3;ALOX15;LDHC;TNNI3;MAP7;RPL39L
prerank,HALLMARK_MYC_TARGETS_V1,0.23750585260205814,0.8543118768669312,0.7967581047381546,0.9321946142144172,1.0,89/193,45.05%,FAM120A;GOT2;PCBP1;NAP1L1;PSMD7;IMPDH2;HNRNPD;DDX21;XPO1;KPNB1;CCNA2;GSPT1;MAD2L1;RRP9;RPS6;RPS3;C1QBP;RSL1D1;EEF1B2;VDAC3;EXOSC7;XPOT;PABPC4;IFRD1;CLNS1A;MCM2;PSMD1;RRM1;CCT4;MCM4;SET;CDC45;CAD;CTPS1;ODC1;RPS10;EIF3B;ABCE1;PABPC1;HNRNPR;TUFM;HNRNPU;RPL14;NPM1;CBX3;PRDX3;SSB;RANBP1;CCT7;G3BP1;SRSF1;CDC20;RPS2;SRPK1;MRPL23;CCT2;CCT5;HSPD1;CUL1;HSP90AB1;EIF4A1;SERBP1;RAN;PA2G4;PSMD3;RPS5;HNRNPA1;DUT;NOLC1;EIF3J;SF3B3;NDUFAB1;UBE2E1;CDK4;KPNA2;COPS5;SYNCRIP;SSBP1;SNRPG;EIF4E;VDAC1;NCBP1;SRM;PRPS2;UBA2;HNRNPC;RPL6;CDK2;ORC2
prerank,HALLMARK_OXIDATIVE_PHOSPHORYLATION,-0.20253823152279904,-0.8351841590617448,0.9621621621621622,1.0,1.0,64/184,30.11%,PDK4;IDH2;ETFA;CYB5A;GPI;ATP6AP1;GPX4;NDUFB4;UQCRQ;COX6B1;COX7B;NDUFA1;COX17;ACADSB;ATP6V1G1;BCKDHA;NDUFA3;NDUFS7;UQCR11;UQCRFS1;NDUFB1;ACAA1;ALDH6A1;NDUFB3;NDUFC1;NDUFS2;NDUFA6;COX5A;MRPS11;NQO2;NDUFB8;ATP6V0C;AIFM1;IDH1;COX7A2;UQCR10;ATP6V1D;PDHA1;PDP1;DLST;COX5B;MAOB;COX6A1;HSD17B10;ETFDH;MRPS15;SLC25A5;SDHC;NDUFA2;COX8A;OGDH;MFN2;COX7C;IDH3G;TIMM10;TIMM13;NDUFS8;HCCS;ACADM;LDHA;PDHX;TIMM9;ACO2;IDH3A
prerank,HALLMARK_GLYCOLYSIS,0.22014090760830715,0.7925081709483509,0.9275905118601748,1.0,1.0,42/185,24.41%,GCLC;NT5E;NDST3;VCAN;TPST1;COL5A1;LHX9;GPC1;DPYSL4;MET;TGFBI;DCN;PLOD2;ADORA2B;CHPF2;CAPN5;SLC16A3;IGFBP3;PFKP;PAM;KDELR3;PLOD1;PYGL;EXT2;SAP30;GOT2;MERTK;EXT1;CHST2;PYGB;STC2;B3GNT3;IRS2;B4GALT2;GFPT1;SOX9;UGP2;ME2;GNPDA1;TPBG;DEPDC1;QSOX1
prerank,HALLMARK_MITOTIC_SPINDLE,0.20927310415257705,0.7509030434797264,0.9584905660377359,1.0,1.0,58/197,32.05%,CCDC88A;ARAP3;PKD2;FSCN1;CLIP2;BRCA2;DOCK4;BCAR1;CDC42BPA;EPB41L2;DST;CEP57;CENPJ;NET1;ABR;NDC80;SPTBN1;PIF1;RALBP1;RASA1;RASAL2;SHROOM1;CDC42EP2;KIF15;ESPL1;KIF11;HOOK3;CENPE;TOP2A;ARFGEF1;SHROOM2;SYNPO;ANLN;KIF20B;ARL8A;BIRC5;FGD6;PXN;CENPF;MYO1E;SMC4;VCL;CNTRL;FLNA;KIF23;PPP4R2;MYH9;APC;WASF1;LATS1;FBXO5;SUN2;NF1;ARHGAP29;TRIO;PALLD;RASA2;WASL
prerank,HALLMARK_UV_RESPONSE_UP,0.20342295500241606,0.706537650549547,0.9778067885117493,1.0,1.0,18/143,12.79%,MSX1;RRAD;ABCB1;MMP14;CDO1;SHOX2;BMP2;FGF18;NKX2-5;GLS;GGH;TCHH;DLG4;IL6ST;IL6;HLA-F;HMOX1;RAB27A
prerank,HALLMARK_PROTEIN_SECRETION,0.2072200481366162,0.677173975475094,0.9820689655172414,1.0,1.0,30/94,33.65%,CTSC;ABCA1;CAV2;SSPN;RPS6KA3;PAM;DST;CD63;IGF2R;M6PR;ARFGEF1;ATP6V1B1;LMAN1;DNM1L;USO1;SEC24D;NAPG;TMX1;CLCN3;SCRN1;PPT1;ATP6V1H;AP2M1;GOLGA4;SEC31A;RAB2A;RAB5A;MAPK1;AP3B1;AP2B1
prerank,HALLMARK_MTORC1_SIGNALING,0.176455468289548,0.6388266511089243,0.9974811083123426,1.0,1.0,50/195,29.13%,GCLC;BCAT1;SLC7A11;CTSC;POLR3G;FADS1;PLOD2;SERPINH1;MLLT11;ITGB2;SLC6A6;SYTL2;SLC2A3;PSAT1;DDX39A;STARD4;CCNG1;PNO1;M6PR;ACTR2;EDEM1;SHMT2;NUFIP1;GBE1;USO1;GGA2;RRP9;TBK1;ELOVL6;RPA1;ABCF2;ASNS;SORD;CDC25A;ME1;IFRD1;DHFR;MAP2K3;HSPA4;CALR;UNG;HSPA5;ATP2A2;MCM2;TCEA1;CYB5B;MCM4;PSMC2;ACTR3;TXNRD1
prerank,HALLMARK_ADIPOGENESIS,0.1755362874383225,0.6340882429551657,1.0,0.9906589447276415,1.0,28/184,20.82%,ENPP2;HSPB8;LAMA4;COL4A1;FABP4;ANGPT1;ABCA1;MGLL;MYLK;RAB34;SSPN;LIFR;APOE;CD302;APLP2;ITGA7;C3;SLC27A1;GPAT4;PPARG;SPARCL1;DLAT;TKT;MRPL15;SLC19A1;JAGN1;YWHAG;DBT
prerank,HALLMARK_UNFOLDED_PROTEIN_RESPONSE,-0.12807525325615052,-0.4854716180820803,1.0,1.0,1.0,107/107,87.28%,DNAJA4;CHAC1;ATF3;SLC1A4;ERO1A;XBP1;ERN1;CNOT6;NHP2;PREB;SERP1;IFIT1;WIPI1;ZBTB17;IMP3;EXOSC4;BANF1;POP4;TSPYL2;EXOSC10;HYOU1;CEBPG;EIF2AK3;DCP2;FKBP14;EIF2S1;SRPRA;DNAJC3;NFYB;CKS1B;ARFGAP1;KHSRP;DDIT4;PDIA5;MTHFD2;EDC4;DCTN1;EXOSC5;SLC30A5;ATF6;CEBPB;YIF1A;CXXC1;ATP6V0D1;SSR1;WFS1;PAIP1;DKC1;EXOSC1;CNOT2;RPS14;NFYA;EXOSC9;PDIA6;DNAJB9;HSP90B1;KIF5B;EXOC2;SLC7A5;GOSR2;SRPRB;SEC11A;NOP56;LSM4;ATF4;YWHAZ;SDAD1;EEF2;EIF4E;NABP1;EIF4EBP1;VEGFA;CNOT4;NOLC1;EIF4G1;HERPUD1;FUS;EIF4A1;GEMIN4;SPCS1;HSPA9;EIF4A2;LSM1;NPM1;SEC31A;EIF4A3;NOP14;DCP1A;EXOSC2;HSPA5;CALR;TUBB2A;PARN;XPOT;SPCS3;ASNS;RRP9;ALDH18A1;EDEM1;STC2;SHC1;TATDN2;CCL2;KDELR3;PSAT1;BAG3;DDX10
prerank,HALLMARK_DNA_REPAIR,-0.09402944256000541,-0.3774110115272222,1.0,1.0,1.0,36/146,28.37%,BCAM;ADA;PDE4B;VPS37D;CDA;STX3;DGCR8;GPX4;POLA1;CETN2;COX17;SAC3D1;GTF3C5;VPS37B;BCAP31;MPC2;SUPT4H1;POLH;NELFCD;UPF3B;RNMT;PNP;POLR2D;RFC2;POLR2E;POLR3C;GTF2B;ERCC5;SRSF6;NELFE;RAE1;GTF2F1;FEN1;EDF1;VPS28;RBX1
